City_ID,City,Country,Lat,Lng,Max Temp,Humidity,Cloudiness,Wind Speed,Current Description
0,Bulgan,MN,48.8125,103.5347,57.42,80,96,1.34,overcast clouds
1,Saint Anthony,US,45.0205,-93.218,80.91,68,0,17.27,clear sky
2,Vaini,TO,-21.2,-175.2,78.96,94,75,5.75,broken clouds
3,Carnarvon,AU,-24.8667,113.6333,67.96,38,0,7.47,clear sky
4,Khudumelapye,BW,-23.8833,24.75,52.92,28,6,5.59,clear sky
5,Tuktoyaktuk,CA,69.4541,-133.0374,64.53,53,92,8.7,overcast clouds
6,Viransehir,TR,37.2353,39.7631,88.61,33,0,5.3,clear sky
7,Burnie,AU,-41.0667,145.9167,57.92,55,21,6.29,few clouds
8,Kodiak,US,57.79,-152.4072,63.91,48,20,8.05,few clouds
9,Punta Arenas,CL,-53.15,-70.9167,35.71,87,0,4.61,clear sky
10,Namibe,AO,-15.1961,12.1522,61.07,87,1,7.16,clear sky
11,Barrow,US,71.2906,-156.7887,39.22,93,100,8.05,overcast clouds
12,Tasiilaq,GL,65.6145,-37.6368,42.96,74,97,3.89,overcast clouds
13,Simao,CN,22.7886,100.9748,72.16,89,96,1.25,overcast clouds
14,Butaritari,KI,3.0707,172.7902,82.87,73,84,11.79,broken clouds
15,Busselton,AU,-33.65,115.3333,58.55,62,99,12.84,overcast clouds
16,Fort Nelson,CA,58.8053,-122.7002,62.58,58,84,5.14,broken clouds
17,Rikitea,PF,-23.1203,-134.9692,70.43,59,79,17.43,broken clouds
18,Adrar,MR,20.5022,-10.0711,92.25,31,43,11.92,scattered clouds
19,Saskylakh,RU,71.9167,114.0833,63.64,52,7,8.75,clear sky
20,Port Alfred,ZA,-33.5906,26.891,58.06,80,81,10.74,broken clouds
21,Tupelo,US,34.2576,-88.7034,82.69,78,0,5.75,clear sky
22,Stepnyak,KZ,52.8339,70.7803,71.37,45,6,6.24,clear sky
23,Nikolskoye,RU,59.7035,30.7861,70.81,76,79,6.82,broken clouds
24,Bobrovytsya,UA,50.75,31.3833,63.57,92,2,5.88,clear sky
25,Bluff,NZ,-46.6,168.3333,57.79,71,35,10.38,light rain
26,San Juan De Uraba,CO,8.7592,-76.5297,76.15,91,94,6.76,overcast clouds
27,Mbandaka,CD,0.0487,18.2603,69.49,92,23,2.82,few clouds
28,Pandan,PH,14.0453,124.1694,86.31,65,100,9.22,moderate rain
29,Sikonge,TZ,-5.6333,32.7667,59.32,68,29,4.72,scattered clouds
30,Bagotville,AU,-28.9833,153.4167,72.86,59,98,10.33,overcast clouds
31,Mataura,NZ,-46.1927,168.8643,57.47,67,54,4.97,broken clouds
32,Jining,CN,35.405,116.5814,93.85,61,8,10.29,clear sky
33,Merauke,ID,-8.4667,140.3333,80.58,84,98,14.74,overcast clouds
34,Atuona,PF,-9.8,-139.0333,77.74,71,12,15.7,few clouds
35,Ushuaia,AR,-54.8,-68.3,33.46,86,0,2.3,clear sky
36,Tiksi,RU,71.6872,128.8694,41.27,83,100,12.41,overcast clouds
37,Jamestown,US,42.097,-79.2353,73.71,74,0,5.75,clear sky
38,Hermanus,ZA,-34.4187,19.2345,53.8,82,97,9.98,overcast clouds
39,Nanortalik,GL,60.1432,-45.2371,46.47,93,100,5.86,overcast clouds
40,Arraial Do Cabo,BR,-22.9661,-42.0278,69.6,79,55,15.43,broken clouds
41,Buraydah,SA,26.326,43.975,96.06,15,3,5.14,clear sky
42,Dunedin,NZ,-45.8742,170.5036,56.8,70,100,1.01,overcast clouds
43,Dikson,RU,73.5069,80.5464,41.85,100,100,11.79,light rain
44,Gravelbourg,CA,49.8834,-106.5512,54.73,65,65,13.58,broken clouds
45,Chokurdakh,RU,70.6333,147.9167,59.77,44,13,6.78,few clouds
46,Tuy Hoa,VN,13.0833,109.3,88.92,56,100,13.47,overcast clouds
47,Port Lincoln,AU,-34.7333,135.8667,56.95,63,50,15.14,scattered clouds
48,San Luis,AR,-33.295,-66.3356,51.28,46,47,6.22,scattered clouds
49,Saint-Philippe,RE,-21.3585,55.7679,66.22,66,8,9.17,clear sky
50,Gorom-Gorom,BF,14.4439,-0.2361,82.08,65,88,14.34,overcast clouds
51,Ponta Do Sol,PT,32.6667,-17.1,74.07,80,16,5.41,few clouds
52,Avarua,CK,-21.2078,-159.775,75.25,69,75,13.8,broken clouds
53,Lasa,IT,46.6166,10.7002,59.68,84,55,3.94,broken clouds
54,Bell Ville,AR,-32.6259,-62.6887,51.67,62,18,7.74,few clouds
55,Victoria,HK,22.2855,114.1577,88.25,85,89,5.01,overcast clouds
56,Narsaq,GL,60.9167,-46.05,44.82,96,100,2.53,overcast clouds
57,Guarapari,BR,-20.6667,-40.4975,73.89,87,22,16.82,few clouds
58,Cuamba,MZ,-14.8031,36.5372,59.43,72,0,0.63,clear sky
59,Bahia Honda,CU,22.9036,-83.1592,78.64,84,7,5.7,clear sky
60,Susaki,JP,33.3667,133.2833,85.6,74,26,3.51,scattered clouds
61,Caravelas,BR,-17.7125,-39.2481,72.5,79,2,9.51,clear sky
62,Baturaja,ID,-4.1333,104.1667,87.35,59,38,3.18,scattered clouds
63,Vardo,NO,70.3705,31.1107,51.78,87,100,0.0,overcast clouds
64,Albany,US,42.6001,-73.9662,75.63,88,96,2.46,overcast clouds
65,Bethel,US,41.3712,-73.414,77.9,90,0,0.0,clear sky
66,Ekimchan,RU,53.0667,132.9667,66.38,93,99,3.15,light rain
67,Tsabong,BW,-26.0217,22.401,54.34,33,91,7.0,overcast clouds
68,Sahuaripa,MX,29.05,-109.2333,73.08,87,100,4.74,overcast clouds
69,Tsagan Aman,RU,47.5639,46.7218,82.13,25,100,14.2,overcast clouds
70,Tvoroyri,FO,61.5556,-6.8111,51.71,89,99,13.15,overcast clouds
71,Georgetown,MY,5.4112,100.3354,85.95,70,20,6.91,few clouds
72,Nemuro,JP,43.3236,145.575,60.67,76,100,8.41,overcast clouds
73,Andenes,NO,69.3143,16.1194,54.93,76,100,9.22,overcast clouds
74,Plymouth,US,41.8334,-70.8328,76.82,84,0,3.44,clear sky
75,Batticaloa,LK,7.7102,81.6924,86.59,52,100,14.05,overcast clouds
76,Grindavik,IS,63.8424,-22.4338,52.27,100,100,6.91,fog
77,Castro,BR,-24.7911,-50.0119,53.42,96,19,7.2,few clouds
78,Yulara,AU,-25.2406,130.9889,62.62,22,0,6.08,clear sky
79,Kruisfontein,ZA,-34.0033,24.7314,49.6,85,48,7.0,scattered clouds
80,New Norfolk,AU,-42.7826,147.0587,47.71,70,64,3.0,broken clouds
81,Luderitz,NA,-26.6481,15.1594,58.87,60,99,3.76,overcast clouds
82,Hithadhoo,MV,-0.6,73.0833,82.27,73,76,10.96,broken clouds
83,Kamenka,RU,51.3223,42.7678,71.28,49,4,10.22,clear sky
84,Puerto Ayora,EC,-0.7393,-90.3518,70.56,92,73,7.0,broken clouds
85,Mount Gambier,AU,-37.8333,140.7667,54.64,84,24,4.88,few clouds
86,Castiglione Del Lago,IT,43.1271,12.0453,75.11,73,0,2.64,clear sky
87,Severo-Kurilsk,RU,50.6789,156.125,59.23,78,95,6.31,overcast clouds
88,Yellowknife,CA,62.456,-114.3525,55.22,63,88,8.37,overcast clouds
89,Sokoni,TZ,-6.4333,39.55,73.17,72,2,6.87,clear sky
90,Bredasdorp,ZA,-34.5322,20.0403,53.56,88,99,3.51,overcast clouds
91,Hilo,US,19.7297,-155.09,85.28,88,100,5.75,overcast clouds
92,Sao Filipe,CV,14.8961,-24.4956,77.27,81,90,5.48,overcast clouds
93,Hue,VN,16.4667,107.6,87.91,66,75,3.44,light rain
94,Yumen,CN,40.2833,97.2,83.44,24,99,19.13,overcast clouds
95,Ocos,GT,14.5094,-92.1933,71.78,77,74,5.32,broken clouds
96,Bambous Virieux,MU,-20.3428,57.7575,69.22,62,3,8.66,clear sky
97,Leningradskiy,RU,69.3833,178.4167,35.13,98,100,5.48,light snow
98,Cacoal,BR,-11.4386,-61.4472,77.72,52,97,2.59,light rain
99,Lichuan,CN,30.3,108.85,82.44,58,28,5.46,scattered clouds
100,Ilulissat,GL,69.2167,-51.1,44.62,100,100,4.61,mist
101,Monrovia,LR,6.3005,-10.7969,75.65,82,100,8.39,overcast clouds
102,Kaitangata,NZ,-46.2817,169.8464,55.58,71,91,5.55,overcast clouds
103,Tuatapere,NZ,-46.1333,167.6833,55.89,67,12,6.2,few clouds
104,Mosquera,CO,4.7059,-74.2302,55.49,82,75,2.3,light intensity drizzle
105,Hobart,AU,-42.8794,147.3294,48.06,81,75,12.66,broken clouds
106,Jaslo,PL,49.7451,21.4725,64.58,68,21,1.48,few clouds
107,Kahului,US,20.8947,-156.47,87.82,67,20,13.8,few clouds
108,Fortuna,US,40.5982,-124.1573,63.93,88,100,9.22,overcast clouds
109,Ballarat,AU,-37.5662,143.8496,48.96,72,84,4.41,broken clouds
110,Cidreira,BR,-30.1811,-50.2056,50.07,77,4,5.48,clear sky
111,San Carlos,VE,9.6612,-68.5827,71.67,97,61,2.8,broken clouds
112,Siena,IT,43.2167,11.4,72.16,78,0,2.01,clear sky
113,Qaanaaq,GL,77.484,-69.3632,36.0,66,19,3.42,few clouds
114,Ketchikan,US,55.3422,-131.6461,62.58,82,100,6.91,overcast clouds
115,Nowy Sacz,PL,49.6218,20.6971,64.6,72,57,3.2,broken clouds
116,Chuy,UY,-33.6971,-53.4616,44.13,91,2,3.98,clear sky
117,Shelburne,CA,44.0787,-80.2041,70.23,72,1,5.73,clear sky
118,Cabo San Lucas,MX,22.8909,-109.9124,87.62,71,69,7.54,broken clouds
119,Khatanga,RU,71.9667,102.5,68.95,57,29,7.92,scattered clouds
120,Mar Del Plata,AR,-38.0023,-57.5575,42.94,90,100,1.99,overcast clouds
121,Port Macquarie,AU,-31.4333,152.9167,72.9,35,3,9.86,clear sky
122,Torbay,CA,47.6666,-52.7314,66.58,91,26,8.99,scattered clouds
123,East London,ZA,-33.0153,27.9116,59.25,74,20,8.77,few clouds
124,Mujiayingzi,CN,42.1167,118.7833,90.05,31,98,3.18,overcast clouds
125,Belyy Yar,RU,53.6039,91.3903,67.89,49,0,4.47,clear sky
126,Bardiyah,LY,31.7561,25.0865,77.38,77,0,15.82,clear sky
127,Pangnirtung,CA,66.1451,-65.7125,42.08,96,100,1.01,light rain
128,Itagi,BR,-14.1628,-40.0061,62.15,98,20,0.89,few clouds
129,Aklavik,CA,68.2191,-135.0107,70.12,52,95,9.24,overcast clouds
130,Vao,NC,-22.6667,167.4833,73.44,81,11,9.86,few clouds
131,Kostino,RU,58.9097,53.2691,68.04,72,98,2.3,overcast clouds
132,Aykhal,RU,66.0,111.5,49.12,89,100,30.0,moderate rain
133,Asau,RO,46.4333,26.4,61.72,80,2,3.67,clear sky
134,Saint-Georges,GD,12.0564,-61.7485,79.65,84,59,14.9,broken clouds
135,Santa Lucia,ES,27.9117,-15.5407,63.77,83,20,26.46,few clouds
136,Kapaa,US,22.0752,-159.319,82.38,75,40,8.05,scattered clouds
137,Camacupa,AO,-12.0167,17.4833,54.36,38,38,4.94,scattered clouds
138,Dingle,PH,10.9995,122.6711,84.42,73,100,4.68,overcast clouds
139,Mendota,US,36.7536,-120.3816,79.07,49,60,9.15,broken clouds
140,Clarksville,US,36.5298,-87.3595,77.25,92,0,0.0,clear sky
141,Methoni,GR,36.8197,21.7049,81.21,58,0,6.98,clear sky
142,Saint-Francois,FR,46.4154,3.9054,63.84,68,0,6.91,clear sky
143,Finnsnes,NO,69.2296,17.9811,43.41,73,11,3.96,few clouds
144,Coxim,BR,-18.5067,-54.76,73.36,45,1,3.24,clear sky
145,Lauder,GB,55.7191,-2.7476,52.02,80,96,9.8,overcast clouds
146,Iralaya,HN,15.0,-83.2333,77.56,83,100,7.81,overcast clouds
147,Kiruna,SE,67.8557,20.2251,41.92,87,50,5.75,scattered clouds
148,Bindura,ZW,-17.3019,31.3306,51.22,70,0,2.17,clear sky
149,Lagoa,PT,39.05,-27.9833,74.01,86,60,11.5,light rain
150,Souillac,MU,-20.5167,57.5167,69.35,65,0,9.78,clear sky
151,Pangai,TO,-19.8,-174.35,77.18,84,100,14.92,light rain
152,Taltal,CL,-25.4,-70.4833,52.21,88,29,0.89,scattered clouds
153,Iracoubo,GF,5.4802,-53.2011,76.55,84,4,8.55,clear sky
154,Isangel,VU,-19.55,169.2667,79.7,69,20,9.57,few clouds
155,Biloela,AU,-24.4167,150.5,67.08,78,100,4.29,light rain
156,Gilgit,PK,35.9221,74.3087,84.22,47,30,3.67,scattered clouds
157,Tshela,CD,-4.9833,12.9333,65.12,93,71,1.66,broken clouds
158,Norman Wells,CA,65.282,-126.8329,71.76,50,74,6.89,broken clouds
159,Manzanillo,CU,20.3433,-77.1167,77.0,86,63,12.37,broken clouds
160,Faya,SA,18.3851,42.4509,63.12,71,95,2.64,overcast clouds
161,Husavik,IS,66.0449,-17.3389,50.43,71,72,6.78,broken clouds
162,Harwich,GB,51.9419,1.2844,53.37,80,41,4.0,scattered clouds
163,Penzance,GB,50.1186,-5.5371,52.48,72,69,9.51,broken clouds
164,Novyy Urengoy,RU,66.0833,76.6333,66.36,59,94,10.94,overcast clouds
165,Klaksvik,FO,62.2266,-6.589,50.92,83,80,7.78,broken clouds
166,Parksville,CA,49.3163,-124.3195,69.73,67,0,4.59,clear sky
167,Guerrero Negro,MX,27.9769,-114.0611,71.44,86,17,15.21,few clouds
168,Geraldton,AU,-28.7667,114.6,63.01,63,4,12.66,clear sky
169,Umm Kaddadah,SD,13.6017,26.6876,81.9,61,100,10.4,overcast clouds
170,Pacifica,US,37.6138,-122.4869,67.62,83,75,16.11,broken clouds
171,Esperance,AU,-33.8667,121.9,57.72,54,52,11.59,broken clouds
172,Amzya,RU,56.2354,54.3868,72.46,60,65,2.95,broken clouds
173,Provideniya,RU,64.3833,-173.3,50.63,62,58,12.66,broken clouds
174,Soyo,AO,-6.1349,12.3689,68.27,80,65,6.35,broken clouds
175,Port-Gentil,GA,-0.7193,8.7815,73.69,81,100,12.86,overcast clouds
176,Snezhnogorsk,RU,69.1933,33.2531,53.38,95,100,10.47,light rain
177,Cape Town,ZA,-33.9258,18.4232,55.9,90,20,11.99,few clouds
178,Tirumullaivasal,IN,11.2333,79.8333,83.97,62,100,18.99,overcast clouds
179,Bairnsdale,AU,-37.8333,147.6167,64.06,52,24,1.01,few clouds
180,Bowen,AU,-20.0167,148.2333,74.14,78,36,8.84,scattered clouds
181,Chicama,PE,-7.8447,-79.1469,59.54,85,96,5.08,overcast clouds
182,Shingu,JP,33.7333,135.9833,83.89,75,73,7.29,broken clouds
183,North Bend,US,43.4065,-124.2243,61.25,97,100,14.97,overcast clouds
184,Kavaratti,IN,10.5669,72.642,80.69,84,100,22.17,overcast clouds
185,Cherskiy,RU,68.75,161.3,56.91,45,100,7.2,overcast clouds
186,Moyobamba,PE,-6.05,-76.9667,63.46,98,100,0.25,overcast clouds
187,Saint George,US,37.1041,-113.5841,89.64,38,0,4.61,clear sky
188,Airai,TL,-8.9266,125.4092,76.3,48,41,3.69,scattered clouds
189,Honningsvag,NO,70.9821,25.9704,51.55,76,2,14.97,clear sky
190,Half Moon Bay,US,37.4636,-122.4286,69.04,82,100,16.11,overcast clouds
191,Mercedes,AR,-34.6515,-59.4307,43.03,64,0,5.48,clear sky
192,Avallon,FR,47.4833,3.9,53.87,77,0,6.06,clear sky
193,Thunder Bay,CA,48.4001,-89.3168,64.76,77,96,5.64,overcast clouds
194,Alta Floresta,BR,-9.8756,-56.0861,72.63,47,9,2.55,clear sky
195,Port Elizabeth,ZA,-33.918,25.5701,53.31,84,52,4.0,broken clouds
196,Coahuayana,MX,18.7333,-103.6833,78.48,87,67,2.44,broken clouds
197,Mahebourg,MU,-20.4081,57.7,69.26,62,3,9.71,clear sky
198,Lazaro Cardenas,MX,17.9583,-102.2,79.81,78,48,2.86,scattered clouds
199,Neiafu,TO,-18.65,-173.9833,77.68,94,75,5.75,light intensity shower rain
200,Ossora,RU,59.2353,163.0719,64.06,73,43,6.6,scattered clouds
201,Opuwo,NA,-18.0607,13.84,62.31,45,0,5.5,clear sky
202,Saldanha,ZA,-33.0117,17.9442,53.73,91,1,11.21,clear sky
203,Luanda,AO,-8.8368,13.2343,64.51,85,18,5.84,few clouds
204,Kawalu,ID,-7.3817,108.2082,84.92,52,86,4.68,overcast clouds
205,Waddan,LY,29.1614,16.139,77.13,52,0,5.53,clear sky
206,San Cristobal,VE,7.7669,-72.225,68.18,99,100,1.52,overcast clouds
207,Abha,SA,18.2164,42.5053,62.85,94,40,6.91,scattered clouds
208,Port Shepstone,ZA,-30.7414,30.455,67.51,82,11,17.69,few clouds
209,Lebu,CL,-37.6167,-73.65,50.25,91,100,0.89,overcast clouds
210,Pevek,RU,69.7008,170.3133,36.27,98,100,7.49,light rain
211,Olinda,BR,-8.0089,-34.8553,73.13,83,40,1.14,scattered clouds
212,Saint-Pierre,RE,-21.3393,55.4781,69.91,61,20,5.75,few clouds
213,Tokur,RU,53.1333,132.9,62.56,93,99,3.22,light rain
214,Talnakh,RU,69.4865,88.3972,60.21,59,56,6.73,broken clouds
215,Kavieng,PG,-2.5744,150.7967,83.88,68,88,0.31,overcast clouds
216,Makakilo City,US,21.3469,-158.0858,82.72,67,0,5.75,clear sky
217,Champerico,GT,14.3,-91.9167,80.42,79,89,7.36,overcast clouds
218,Olga,RU,43.7444,135.2892,73.35,98,100,3.76,light rain
219,Boone,US,39.0334,-92.3335,82.53,78,13,7.23,few clouds
220,Puerto Escondido,MX,15.85,-97.0667,77.83,78,100,5.75,overcast clouds
221,Sept-Iles,CA,50.2001,-66.3821,58.05,86,87,5.88,overcast clouds
222,Coruripe,BR,-10.1256,-36.1756,71.74,88,79,4.03,broken clouds
223,Marquette,US,46.5333,-87.6335,67.82,82,62,11.12,broken clouds
224,Jizan,SA,17.3333,42.6667,87.28,63,95,5.14,moderate rain
225,Svetlogorsk,BY,52.6333,29.7333,65.14,86,1,4.9,clear sky
226,Khorixas,NA,-20.3667,14.9667,65.48,25,4,6.8,clear sky
227,San Carlos De Bariloche,AR,-41.1456,-71.3082,30.99,96,99,4.59,light snow
228,Kidal,ML,18.4411,1.4078,88.32,41,39,6.67,scattered clouds
229,Egvekinot,RU,66.3167,-179.1667,51.78,46,84,21.5,broken clouds
230,Samarai,PG,-10.6167,150.6667,81.0,81,34,12.06,scattered clouds
231,Alveringem,BE,50.9793,2.6775,54.36,86,100,1.14,overcast clouds
232,Longyearbyen,SJ,78.2186,15.6401,49.84,76,75,9.22,broken clouds
233,Lawrence,US,38.9717,-95.2353,85.35,73,1,1.01,clear sky
234,Shakhtinsk,KZ,49.71,72.5872,71.74,29,57,15.55,broken clouds
235,Bathsheba,BB,13.2167,-59.5167,83.01,89,20,16.11,few clouds
236,Vila Velha,BR,-20.3297,-40.2925,73.94,84,75,7.0,broken clouds
237,Tilichiki,RU,60.4667,166.1,56.57,84,94,5.06,overcast clouds
238,Suhbaatar,MN,50.2314,106.2078,60.57,61,100,17.45,overcast clouds
239,Matamoros,MX,25.5333,-103.25,87.91,23,40,16.11,scattered clouds
240,Bartica,GY,6.4,-58.6167,77.32,99,88,1.61,overcast clouds
241,Kardonikskaya,RU,43.8617,41.7194,61.77,81,0,2.1,clear sky
242,Ribeira Grande,PT,38.5167,-28.7,75.33,84,92,11.63,light rain
243,Lavrentiya,RU,65.5833,-171.0,46.58,68,76,8.95,broken clouds
244,Delhi,IN,28.6667,77.2167,86.09,94,75,4.61,mist
245,Media Luna,CU,20.1419,-77.435,78.08,86,62,13.56,broken clouds
246,Khorinsk,RU,52.1657,109.7726,65.98,41,82,14.38,broken clouds
247,Thompson,CA,55.7435,-97.8558,43.92,92,100,15.46,overcast clouds
248,Kem,RU,64.9555,34.5793,66.11,67,34,12.15,scattered clouds
249,Asyut,EG,27.181,31.1837,81.23,46,98,8.66,overcast clouds
250,Rapar,IN,23.5667,70.6333,84.96,72,93,9.17,overcast clouds
251,Tabou,CI,4.423,-7.3528,73.53,74,47,4.47,scattered clouds
252,Souris,CA,49.6172,-100.2612,62.74,46,100,18.01,overcast clouds
253,Constitucion,CL,-35.3333,-72.4167,52.77,95,100,1.57,overcast clouds
254,Redlands,US,34.0556,-117.1825,85.19,51,0,9.22,clear sky
255,Lorengau,PG,-2.0226,147.2712,84.54,68,45,5.48,scattered clouds
256,Tautira,PF,-17.7333,-149.15,75.96,81,95,28.03,light rain
257,Anacortes,US,48.5126,-122.6127,65.71,75,0,0.0,clear sky
258,Assiniboia,CA,49.6334,-105.9845,54.37,62,28,14.54,scattered clouds
259,Kenora,CA,49.8167,-94.4337,71.78,60,64,8.99,broken clouds
260,Manbij,SY,36.5281,37.9549,79.63,55,0,15.61,clear sky
261,Sao Felix Do Xingu,BR,-6.6447,-51.995,74.01,69,69,0.69,broken clouds
262,Dicabisagan,PH,17.0818,122.4157,83.93,78,62,6.76,broken clouds
263,Dezhou,CN,37.4486,116.2925,96.87,53,83,11.03,broken clouds
264,Hanzhong,CN,33.0728,107.0303,92.73,53,5,1.05,clear sky
265,Tucuman,AR,-26.8241,-65.2226,50.0,87,40,6.91,scattered clouds
266,Nome,US,64.5011,-165.4064,48.27,76,100,14.97,light rain
267,Amapa,BR,1.0,-52.0,69.78,99,15,1.86,few clouds
268,Northam,GB,51.0333,-4.2167,48.25,81,87,4.56,overcast clouds
269,Cockburn Town,TC,21.4612,-71.1419,81.82,78,21,22.03,few clouds
270,Te Anau,NZ,-45.4167,167.7167,51.8,76,33,5.68,scattered clouds
271,Clyde River,CA,70.4692,-68.5914,39.43,93,0,14.97,clear sky
272,Seymchan,RU,62.8833,152.4333,78.21,42,37,14.83,scattered clouds
273,Meybod,IR,32.2501,54.0166,84.22,19,0,2.48,clear sky
274,Faanui,PF,-16.4833,-151.75,77.34,78,68,24.29,light rain
275,Srednekolymsk,RU,67.45,153.6833,64.96,45,100,3.18,overcast clouds
276,Zhezkazgan,KZ,47.8043,67.7144,73.38,31,0,17.9,clear sky
277,Riyadh,SA,24.6877,46.7219,91.54,19,5,8.08,clear sky
278,Uruzgan,AF,32.8333,66.0,83.1,13,0,3.42,clear sky
279,Sisimiut,GL,66.9395,-53.6735,41.5,93,99,14.47,overcast clouds
280,Gravdal,NO,68.1214,13.5031,51.87,87,100,27.72,light rain
281,Vostok,RU,46.4856,135.8833,75.18,72,100,5.91,overcast clouds
282,Mahon,ES,39.8885,4.2658,75.76,83,0,3.44,clear sky
283,Henties Bay,NA,-22.116,14.2845,55.9,83,5,2.44,clear sky
284,Twistringen,DE,52.8,8.65,50.63,92,0,6.82,clear sky
285,Mascote,BR,-15.5631,-39.3025,64.98,97,35,2.62,scattered clouds
286,Susanville,US,40.4163,-120.653,75.04,43,75,11.01,broken clouds
287,Flin Flon,CA,54.7682,-101.865,47.79,87,100,10.96,overcast clouds
288,Bac Lieu,VN,9.285,105.7244,80.82,77,100,10.96,light rain
289,Olafsvik,IS,64.8945,-23.7142,52.14,94,100,12.21,overcast clouds
290,Ancud,CL,-41.8697,-73.8203,40.23,87,5,7.54,clear sky
291,Korla,CN,41.7597,86.1469,91.26,21,77,8.86,broken clouds
292,Flinders,AU,-34.5833,150.8552,65.37,48,9,11.99,clear sky
293,Santa Monica,US,34.0195,-118.4912,84.24,65,0,12.66,clear sky
294,Bukachacha,RU,52.9833,116.9167,72.1,39,7,5.88,clear sky
295,Fukue,JP,32.6881,128.8419,85.23,80,61,12.28,broken clouds
296,Dudinka,RU,69.4058,86.1778,60.62,79,93,10.36,overcast clouds
297,Aswan,EG,24.0934,32.907,87.78,25,91,8.16,overcast clouds
298,Kanbe,MM,16.7053,96.0017,84.25,93,100,11.1,overcast clouds
299,Tadine,NC,-21.55,167.8833,76.73,74,36,8.08,scattered clouds
300,Ambanja,MG,-13.6833,48.45,68.52,75,74,3.53,broken clouds
301,Pisco,PE,-13.7,-76.2167,58.01,88,40,3.44,scattered clouds
302,Ushtobe,KZ,45.2514,77.9838,84.9,24,12,10.65,few clouds
303,Zelenoborskiy,RU,66.845,32.3622,60.08,94,100,8.7,light rain
304,Alyangula,AU,-13.8483,136.4192,82.31,65,39,8.57,scattered clouds
305,Guiyang,CN,26.5833,106.7167,76.19,79,99,9.24,overcast clouds
306,Semme,FR,46.1963,1.5007,63.01,71,0,6.08,clear sky
307,Maxixe,MZ,-23.8597,35.3472,60.62,94,0,3.44,fog
308,Pryazha,RU,61.6926,33.6216,70.25,71,22,6.46,few clouds
309,Surenavan,AM,39.75,44.8,78.21,46,0,8.99,clear sky
310,Itoman,JP,26.1247,127.6694,88.18,74,40,9.22,scattered clouds
311,Tiznit,MA,29.5833,-9.5,81.66,24,24,0.65,few clouds
312,Ust-Nera,RU,64.5667,143.2,75.7,49,94,5.5,overcast clouds
313,Chapais,CA,49.7834,-74.8492,55.09,63,100,5.88,overcast clouds
314,Mezhdurechensk,RU,53.6942,88.0603,68.95,50,0,1.97,clear sky
315,Vila,PT,42.0304,-8.1588,56.28,87,52,4.32,broken clouds
316,Iqaluit,CA,63.7506,-68.5145,43.7,93,100,1.99,overcast clouds
317,Road Town,VG,18.4167,-64.6167,82.49,76,42,21.7,scattered clouds
318,Uyemskiy,RU,64.4743,40.8524,71.06,68,0,4.47,clear sky
319,Ibotirama,BR,-12.1853,-43.2206,74.73,52,37,3.8,scattered clouds
320,Santa Cruz Del Norte,CU,23.1539,-81.9236,80.28,82,69,16.2,broken clouds
321,Tigil,RU,57.8,158.6667,69.01,56,48,6.96,scattered clouds
322,Sinnamary,GF,5.3833,-52.95,77.23,83,3,9.35,clear sky
323,Boffa,GN,10.1667,-14.0333,74.5,94,100,2.42,overcast clouds
324,Abong Mbang,CM,3.9833,13.1833,66.76,97,99,3.29,overcast clouds
325,Shimoda,JP,34.6667,138.95,76.1,75,95,6.96,overcast clouds
326,Labuhan,ID,-6.8844,112.2051,86.38,52,21,1.66,few clouds
327,Nuuk,GL,64.1835,-51.7216,43.41,100,100,6.91,fog
328,Namatanai,PG,-3.6667,152.4333,85.33,64,96,2.51,overcast clouds
329,Machilipatnam,IN,16.1667,81.1333,80.55,84,99,11.39,moderate rain
330,Kieta,PG,-6.2167,155.6333,84.69,63,100,6.42,overcast clouds
331,Bereznik,RU,62.8551,42.7072,69.46,67,7,5.08,clear sky
332,Gornozavodsk,RU,58.3758,58.3211,70.23,60,74,2.77,broken clouds
333,Westport,US,41.1415,-73.3579,79.09,90,0,6.91,clear sky
334,Sitka,US,57.0531,-135.33,58.89,88,100,5.75,light rain
335,Yenagoa,NG,4.9247,6.2642,72.1,89,100,3.85,overcast clouds
336,La Plata,AR,-34.9215,-57.9545,50.02,73,0,6.4,clear sky
337,Bria,CF,6.5423,21.9863,68.23,97,95,2.26,overcast clouds
338,Genhe,CN,50.7833,121.5167,76.73,36,34,11.12,scattered clouds
339,Raudeberg,NO,61.9875,5.1352,48.96,61,100,9.33,light rain
340,Kamarion,GR,36.8,25.8167,74.08,80,0,16.02,clear sky
341,Naryan-Mar,RU,67.6713,53.087,65.95,68,99,10.38,overcast clouds
342,Broken Hill,AU,-31.95,141.4333,59.72,33,1,22.95,clear sky
343,Torquay,GB,50.4638,-3.5143,53.92,81,99,1.99,overcast clouds
344,Pacific Grove,US,36.6177,-121.9166,64.51,83,100,8.05,overcast clouds
345,Ulaangom,MN,49.9811,92.0667,66.0,37,6,8.32,clear sky
346,Sorland,NO,67.667,12.6934,53.46,89,94,27.76,overcast clouds
347,Kenai,US,60.5544,-151.2583,61.03,77,0,24.16,clear sky
348,Camocim,BR,-2.9022,-40.8411,75.63,84,2,11.16,clear sky
349,Miri,MY,4.4148,114.0089,75.9,92,100,10.36,overcast clouds
350,Morehead,US,37.2711,-87.1764,74.98,97,0,0.0,clear sky
351,Hasaki,JP,35.7333,140.8333,81.28,70,100,6.89,overcast clouds
352,Yei,SS,4.095,30.6779,65.01,93,67,2.57,broken clouds
353,Derzhavinsk,KZ,51.1,66.3167,72.45,39,88,13.15,overcast clouds
354,Talcahuano,CL,-36.7167,-73.1167,51.48,93,100,0.0,light rain
355,Manyoni,TZ,-5.7467,34.8382,55.2,81,82,4.09,broken clouds
356,Havoysund,NO,70.9963,24.6622,52.03,72,3,8.23,clear sky
357,The Valley,AI,18.217,-63.0578,82.81,78,59,22.39,broken clouds
358,Wronki,PL,52.7105,16.3804,63.61,90,98,8.99,overcast clouds
359,Uvarovo,RU,51.9849,42.2615,71.31,56,4,6.98,clear sky
360,Balkhash,KZ,46.844,74.9804,72.21,37,0,20.13,clear sky
361,Petropavlovsk-Kamchatskiy,RU,53.0452,158.6483,68.59,68,20,13.42,few clouds
362,Medea,DZ,36.2642,2.7539,72.5,30,0,3.6,clear sky
363,Jumla,NP,29.2747,82.1838,70.03,77,100,3.22,overcast clouds
364,Upernavik,GL,72.7868,-56.1549,38.16,96,64,9.46,broken clouds
365,Kichera,RU,55.9375,110.0997,52.61,85,95,9.73,light rain
366,Prince Rupert,CA,54.3161,-130.3201,57.69,92,100,2.77,overcast clouds
367,Finca Blanco,PA,8.3833,-82.8667,75.24,93,100,2.46,overcast clouds
368,Tomatlan,MX,19.9333,-105.25,77.07,95,100,1.48,overcast clouds
369,Iskateley,RU,67.6803,53.1512,65.86,68,99,10.4,overcast clouds
370,Ponta Delgada,PT,37.7333,-25.6667,72.32,94,75,2.3,light intensity shower rain
371,Nova Serrana,BR,-19.8761,-44.9836,65.44,42,3,1.28,clear sky
372,Cooma,AU,-36.2333,149.1333,45.32,72,69,11.97,broken clouds
373,Awjilah,LY,29.1081,21.2869,78.12,41,0,6.49,clear sky
374,Sarh,TD,9.1429,18.3923,70.61,97,95,3.27,overcast clouds
375,Morondava,MG,-20.2833,44.2833,64.26,78,0,5.53,clear sky
376,Solnechnyy,RU,50.7214,136.6319,67.62,99,100,5.19,overcast clouds
377,Poshekhonye,RU,58.4993,39.1353,68.31,71,60,4.27,broken clouds
378,Bilibino,RU,68.0546,166.4372,53.29,51,94,13.47,overcast clouds
379,Oktyabrskoye,RU,43.0645,44.7417,64.54,100,98,0.0,overcast clouds
380,San Patricio,US,28.017,-97.5169,84.06,67,99,13.42,overcast clouds
381,Chapleau,CA,47.8405,-83.4034,59.72,78,3,7.4,clear sky
382,Muzhi,RU,65.3667,64.6667,71.22,59,51,12.82,broken clouds
383,Suntar,RU,62.1444,117.6319,57.94,63,99,11.95,overcast clouds
384,Camacha,PT,33.0833,-16.3333,67.42,83,75,11.5,broken clouds
385,Atlantic City,US,39.3643,-74.4229,77.99,82,0,4.61,clear sky
386,Barabash,RU,43.2,131.4833,86.16,58,69,7.43,broken clouds
387,Winnemucca,US,40.973,-117.7357,69.85,73,75,13.8,broken clouds
388,Tiruchchendur,IN,8.4833,78.1167,81.81,67,100,10.25,overcast clouds
389,Kloulklubed,PW,7.0419,134.2556,84.7,74,95,10.27,overcast clouds
390,Oruro,BO,-17.9833,-67.15,41.11,67,64,5.68,broken clouds
391,Nong Ki,TH,14.6868,102.538,76.05,86,100,7.87,overcast clouds
392,Sembe,CG,1.6481,14.5806,68.92,99,86,3.51,overcast clouds
393,Margate,GB,51.3813,1.3862,59.7,76,97,3.18,overcast clouds
394,Haines Junction,CA,60.7522,-137.5108,51.8,84,100,5.64,overcast clouds
395,Bull Savanna,JM,17.8868,-77.5902,76.66,83,74,4.88,broken clouds
396,Juegang,CN,32.3174,121.1855,94.14,59,94,1.45,overcast clouds
397,Manavalakurichi,IN,8.1333,77.3,80.51,74,100,16.55,overcast clouds
398,Portales,US,34.1862,-103.3344,82.76,38,57,8.72,broken clouds
399,Havelock,US,34.8791,-76.9013,84.18,90,47,5.64,scattered clouds
400,Kununurra,AU,-15.7667,128.7333,87.78,19,100,10.36,overcast clouds
401,Kapit,MY,2.0167,112.9333,79.45,86,100,3.65,overcast clouds
402,Ambon,ID,-3.6954,128.1814,77.14,94,40,3.44,scattered clouds
403,Chamrajnagar,IN,11.9167,76.95,74.88,77,99,16.35,overcast clouds
404,Klyuchi,RU,52.2667,79.1667,73.63,36,0,9.26,clear sky
405,French Harbor,HN,16.35,-86.4333,77.0,94,100,13.8,overcast clouds
406,Beyneu,KZ,45.3167,55.2,84.65,24,38,11.95,scattered clouds
407,Mayo,US,38.8876,-76.5119,75.31,93,0,1.01,clear sky
408,Necochea,AR,-38.5473,-58.7368,40.84,77,80,6.85,broken clouds
409,Dubai,AE,25.2582,55.3047,96.73,49,7,3.44,clear sky
410,Belen,TR,36.4891,36.2233,73.54,83,0,20.71,clear sky
411,Baruun-Urt,MN,46.6806,113.2792,66.52,72,98,16.24,overcast clouds
412,Ahipara,NZ,-35.1667,173.1667,60.1,78,80,8.32,broken clouds
413,Hamilton,US,39.1834,-84.5333,75.99,92,40,1.01,scattered clouds
414,Nipawin,CA,53.3668,-104.0009,46.11,91,56,6.76,broken clouds
415,Gat,IL,31.61,34.7642,78.4,100,0,1.43,clear sky
416,Pafos,CY,34.7667,32.4167,73.18,68,20,8.05,few clouds
417,Ambilobe,MG,-13.2,49.05,64.13,76,60,2.75,broken clouds
418,Hirara,JP,24.8,125.2833,89.87,70,75,13.8,broken clouds
419,Bolu,TR,40.6667,31.5833,64.78,88,17,2.84,few clouds
420,Korcula,HR,42.9622,17.1369,78.49,65,0,3.83,clear sky
421,Mahibadhoo,MV,3.7833,72.9667,82.29,76,100,15.48,overcast clouds
422,Ekhabi,RU,53.5102,142.9671,60.53,74,58,23.02,broken clouds
423,Bosobolo,CD,4.1833,19.9,68.74,98,96,2.3,light rain
424,Wagar,SD,16.1525,36.2032,77.11,75,94,15.88,overcast clouds
425,Gewane,ET,10.1664,40.6453,79.68,61,81,4.27,broken clouds
426,Hambantota,LK,6.1241,81.1185,82.62,69,100,19.19,overcast clouds
427,Wajima,JP,37.4,136.9,84.31,72,98,7.92,overcast clouds
428,Dubovskoye,RU,47.4092,42.7575,76.8,37,99,6.17,overcast clouds
429,Lufilufi,WS,-13.8745,-171.5986,81.01,68,12,13.71,few clouds
430,Bengkulu,ID,-3.8004,102.2655,83.12,64,8,3.85,clear sky
431,Esso,RU,55.9333,158.7,75.11,51,18,4.27,few clouds
432,Estelle,US,29.8458,-90.1067,81.0,81,13,1.01,few clouds
433,Pa Sang,TH,18.5262,98.9394,86.02,50,93,1.7,overcast clouds
434,Neyshabur,IR,36.2133,58.7958,77.34,24,0,1.66,clear sky
435,Poum,NC,-20.2333,164.0167,75.88,81,15,7.83,few clouds
436,Sorong,ID,-0.8833,131.25,80.51,80,91,6.96,overcast clouds
437,Huangpi,CN,30.8845,114.3779,96.66,46,1,8.68,clear sky
438,Nusaybin,TR,37.0778,41.2178,90.32,27,6,6.08,clear sky
439,Skjervoy,NO,70.0311,20.9714,51.8,74,8,10.04,clear sky
440,Colesberg,ZA,-30.72,25.0972,45.75,53,49,2.21,scattered clouds
441,Komsomolskiy,UZ,40.4272,71.7189,88.68,21,0,7.29,clear sky
442,Lompoc,US,34.6391,-120.4579,64.54,88,100,9.22,overcast clouds
443,Isla Vista,US,34.4133,-119.861,74.91,71,0,3.44,clear sky
444,Buala,SB,-8.145,159.5921,86.07,64,92,7.9,overcast clouds
445,Yangliuqing,CN,39.1375,116.9997,87.75,44,80,8.16,broken clouds
446,Yankton,US,42.8711,-97.3973,82.65,69,0,11.5,clear sky
447,Quatre Cocos,MU,-20.2078,57.7625,69.1,64,4,8.16,clear sky
448,Chulman,RU,56.8479,124.9104,47.71,98,100,14.03,moderate rain
449,Jalu,LY,29.0331,21.5482,78.15,41,0,6.51,clear sky
450,Port Augusta,AU,-32.5,137.7667,63.79,36,11,15.88,few clouds
451,Ler,SS,8.3018,30.1418,71.17,96,100,2.95,light rain
452,Deputatskiy,RU,69.3,139.9,52.79,66,100,4.88,light rain
453,Kijang,KR,35.2442,129.2139,92.93,64,66,12.68,broken clouds
454,Mayumba,GA,-3.432,10.6554,67.91,91,17,5.3,few clouds
455,Gayeri,BF,12.6497,0.4931,73.67,90,93,6.58,overcast clouds
456,Balaguer,ES,41.7912,0.8109,70.43,59,6,2.84,clear sky
457,Basoko,CD,1.2391,23.616,73.47,87,100,3.38,overcast clouds
458,Xining,CN,36.6167,101.7667,78.8,56,47,3.42,scattered clouds
459,Huaral,PE,-11.495,-77.2078,61.54,82,82,3.47,broken clouds
460,Touros,BR,-5.1989,-35.4608,71.58,90,9,10.25,clear sky
461,Waipawa,NZ,-41.4122,175.5153,55.62,74,100,15.77,moderate rain
462,Atasu,KZ,48.6814,71.6433,70.74,31,87,17.69,overcast clouds
463,Ust-Kuyga,RU,70.0167,135.6,60.48,50,100,13.27,overcast clouds
464,Goderich,CA,43.7501,-81.7165,71.91,91,0,10.78,clear sky
465,Hofn,IS,64.2539,-15.2082,52.0,73,97,4.72,light rain
466,Ongandjera,NA,-17.8833,15.0667,62.13,36,0,7.49,clear sky
467,Hami,CN,42.8,93.45,92.46,19,9,5.41,clear sky
468,Padang,ID,-0.9492,100.3543,84.25,63,16,4.12,few clouds
469,Maceio,BR,-9.6658,-35.7353,71.04,94,75,3.44,broken clouds
470,Itacare,BR,-14.2775,-38.9967,70.3,87,26,3.33,scattered clouds
471,Warrington,GB,53.3925,-2.5802,52.27,87,31,3.24,scattered clouds
472,La Palma,US,33.8464,-118.0467,83.34,70,0,9.22,clear sky
473,Araouane,ML,18.9048,-3.5265,91.99,39,40,10.49,scattered clouds
474,Ledyard,US,41.4398,-72.0142,78.19,79,0,4.61,clear sky
475,Salalah,OM,17.0151,54.0924,77.09,100,100,6.91,light intensity drizzle
476,Hargeysa,SO,9.56,44.065,68.97,57,23,27.72,few clouds
477,Khandyga,RU,62.6667,135.6,74.16,51,100,6.96,overcast clouds
478,Port Moresby,PG,-9.4431,147.1797,82.51,77,98,11.54,overcast clouds
479,Nikki,BJ,9.9401,3.2108,69.19,86,92,3.51,overcast clouds
480,Qasigiannguit,GL,68.8193,-51.1922,44.85,99,100,2.93,moderate rain
481,Kushmurun,KZ,52.4503,64.6311,72.07,55,7,9.78,clear sky
482,Vilhena,BR,-12.7406,-60.1458,72.0,51,94,0.54,overcast clouds
483,Makoshyne,UA,51.46,32.3396,65.14,87,7,6.04,clear sky
484,Ahmadpur,IN,18.7,76.9333,75.72,86,97,8.25,overcast clouds
485,Divnomorskoye,RU,44.5011,38.1353,74.32,74,0,2.53,clear sky
486,Vilyuysk,RU,63.7553,121.6247,53.15,84,100,9.95,overcast clouds
487,Imeni Poliny Osipenko,RU,52.4201,136.4853,61.29,98,100,3.94,light rain
488,Badhni Kalan,IN,30.6833,75.2833,86.99,71,34,9.1,scattered clouds
489,Fomboni,KM,-12.28,43.7425,75.69,69,19,13.71,few clouds
490,Ugoofaaru,MV,5.6667,73.0,80.94,81,96,16.46,overcast clouds
491,Tsogni,GA,-2.7942,10.0988,67.14,90,4,5.41,clear sky
492,Tetouan,MA,35.5711,-5.3724,72.03,92,18,1.14,few clouds
493,Along,IN,28.1667,94.7667,90.72,59,41,2.13,scattered clouds
494,Charleston,US,32.7766,-79.9309,82.02,91,0,5.75,clear sky
495,Ahuimanu,US,21.4447,-157.8378,83.91,75,75,8.05,broken clouds
496,Codrington,AU,-38.2667,141.9667,55.9,72,52,6.31,broken clouds
497,Ust-Tsilma,RU,65.441,52.1498,69.8,73,71,4.61,broken clouds
498,Vanavara,RU,60.34,102.2797,51.8,84,96,8.37,light rain
499,Pangkalanbuun,ID,-2.6833,111.6167,89.33,50,82,3.71,broken clouds
500,Frontera,MX,26.9333,-101.45,87.12,32,3,17.25,clear sky
501,Capreol,CA,46.706,-80.9225,58.55,75,0,3.0,clear sky
502,Tateyama,JP,34.9833,139.8667,78.17,71,100,4.16,overcast clouds
503,Kemijarvi,FI,66.7131,27.4306,57.7,97,100,2.26,overcast clouds
504,Colomi,BO,-17.35,-65.8667,50.47,89,89,4.36,overcast clouds
505,Balaipungut,ID,1.05,101.2833,88.02,52,34,3.62,scattered clouds
506,Gunjur,GM,13.2019,-16.7339,78.66,85,99,11.59,light rain
507,Hailey,US,43.5196,-114.3153,67.87,78,75,8.05,broken clouds
508,Zaragoza,ES,41.6561,-0.8773,73.02,65,0,12.66,clear sky
509,Nuevo Laredo,MX,27.4763,-99.5164,88.07,51,0,18.41,clear sky
510,Urengoy,RU,65.9667,78.3667,60.48,71,100,7.61,overcast clouds
511,Ankola,IN,14.6667,74.3,78.66,89,100,12.97,light rain
512,Belmonte,BR,-15.8631,-38.8828,71.71,83,22,7.96,few clouds
513,Carutapera,BR,-1.195,-46.02,75.4,88,5,6.62,clear sky
514,Taoudenni,ML,22.6783,-3.9836,97.11,15,37,9.33,scattered clouds
515,Chumikan,RU,54.7183,135.315,53.47,97,100,23.47,moderate rain
516,Mitsamiouli,KM,-11.3847,43.2844,73.36,69,2,2.24,clear sky
517,Itatiaia,BR,-22.4961,-44.5633,63.28,92,91,2.89,overcast clouds
518,San Ramon De La Nueva Oran,AR,-23.1322,-64.326,56.75,68,65,2.44,broken clouds
519,Velyka Lepetykha,UA,47.1757,33.9436,71.78,76,21,10.38,few clouds
520,Mattru,SL,7.6244,-11.8332,71.78,94,100,2.35,overcast clouds
521,Kampene,CD,-3.6,26.6667,67.6,68,57,1.9,broken clouds
522,Sangueya,GN,10.7,-14.3667,72.86,98,100,3.13,overcast clouds
523,Aksarka,RU,66.5606,67.7975,68.95,60,46,8.37,scattered clouds
524,Suicheng,CN,33.8963,117.9331,93.16,63,53,5.35,broken clouds
525,Novo Aripuana,BR,-5.1206,-60.3797,75.38,66,20,2.73,few clouds
526,Witu,KE,-2.3889,40.4382,73.56,72,39,11.86,scattered clouds
527,Kalmunai,LK,7.4167,81.8167,85.77,51,100,6.73,overcast clouds
528,Chiang Klang,TH,19.2938,100.8617,76.14,99,100,2.06,overcast clouds
529,Ust-Koksa,RU,50.2696,85.6108,65.64,63,3,1.3,clear sky
530,Mehran,IR,33.1222,46.1646,104.13,15,0,2.75,clear sky
531,Itarema,BR,-2.9248,-39.9167,76.01,85,1,11.27,clear sky
532,Mackay,AU,-21.15,149.2,82.69,82,9,9.15,clear sky
533,Saint-Augustin,CA,51.226,-58.6502,59.94,51,18,9.86,few clouds
534,Ornskoldsvik,SE,63.2909,18.7153,56.35,71,100,8.05,overcast clouds
535,Gijon,ES,43.5357,-5.6615,66.99,85,99,5.99,overcast clouds
536,Baijiantan,CN,45.6333,85.1833,89.78,19,64,9.73,broken clouds
537,Parintins,BR,-2.6283,-56.7358,74.57,78,29,2.93,scattered clouds
538,Ararangua,BR,-28.9347,-49.4858,55.22,75,100,5.3,overcast clouds
539,Sur,OM,22.5667,59.5289,89.94,56,98,2.33,overcast clouds
540,Canton,CN,23.1167,113.25,91.35,56,63,8.32,broken clouds
541,Ous,RU,60.9058,61.5186,74.57,49,96,7.05,overcast clouds
542,Ucluelet,CA,48.9329,-125.5528,64.09,79,1,8.25,clear sky
543,Catamarca,AR,-28.4696,-65.7852,60.78,46,0,4.0,clear sky
544,Yar-Sale,RU,66.8333,70.8333,67.21,63,53,13.6,broken clouds
545,Sistranda,NO,63.7256,8.834,49.96,83,100,21.7,overcast clouds
546,Sioux Lookout,CA,50.1001,-91.917,68.83,91,74,12.35,broken clouds
547,Bulle,CH,46.6195,7.0567,63.79,83,100,3.0,overcast clouds
548,Jam Sahib,PK,26.2958,68.6292,82.42,69,100,8.43,overcast clouds
549,Tharad,IN,24.3961,71.6267,86.5,69,96,6.08,overcast clouds
550,Comodoro Rivadavia,AR,-45.8667,-67.5,40.86,75,75,9.22,light rain
551,La Ronge,CA,55.1001,-105.2842,52.05,82,85,3.44,overcast clouds
552,Songea,TZ,-10.6833,35.65,51.53,82,33,2.64,scattered clouds
553,Rio Branco,BR,-9.9747,-67.81,72.21,94,100,0.0,fog
554,Lubu,CN,23.1742,112.2809,88.68,67,68,6.24,broken clouds
555,Forst,DE,51.7333,14.6333,61.86,79,100,8.63,overcast clouds
556,Chifeng,CN,42.2683,118.9636,90.55,31,98,2.44,overcast clouds
557,Sampit,ID,-2.5333,112.95,87.51,56,86,4.12,overcast clouds
558,Paamiut,GL,61.994,-49.6678,44.11,97,100,2.19,light rain
559,Diffa,NE,13.3154,12.6113,77.58,67,41,7.0,scattered clouds
560,Kutum,SD,14.2,24.6667,75.79,63,98,6.96,overcast clouds
561,Baykit,RU,61.67,96.37,59.22,58,100,4.94,overcast clouds
562,Grand-Santi,GF,4.25,-54.3833,70.84,96,83,2.37,broken clouds
563,Yongan,CN,39.6957,113.6871,90.07,42,46,7.14,scattered clouds
564,Trincomalee,LK,8.5711,81.2335,82.83,69,100,23.2,overcast clouds
565,Linhai,CN,28.85,121.1167,104.94,30,86,2.48,overcast clouds
566,Mamallapuram,IN,12.6264,80.1722,84.25,66,100,11.36,overcast clouds
567,Aripuana,BR,-9.1667,-60.6333,79.29,50,75,0.43,broken clouds
568,Praia Da Vitoria,PT,38.7333,-27.0667,73.76,97,91,7.02,light rain
569,Nyuksenitsa,RU,60.4128,44.2397,69.64,64,22,4.38,few clouds
570,Luorong,CN,24.4058,109.6086,86.23,69,92,4.85,overcast clouds
571,Leh,IN,34.1667,77.5833,64.72,55,82,6.42,broken clouds
572,Barra,BR,-11.0894,-43.1417,75.74,60,37,8.41,scattered clouds
573,Pontes E Lacerda,BR,-15.2261,-59.3353,75.24,50,97,1.92,overcast clouds
574,Wegrow,PL,52.3995,22.0163,66.9,69,44,6.35,scattered clouds
575,Laguna,US,38.421,-121.4238,81.45,66,0,10.36,clear sky
576,Huarmey,PE,-10.0681,-78.1522,62.01,86,63,10.18,broken clouds
577,Port Hardy,CA,50.6996,-127.4199,60.98,72,40,8.05,scattered clouds
578,Hulan Ergi,CN,47.2042,123.6333,84.83,40,77,9.44,broken clouds
579,Jacqueville,CI,5.2052,-4.4146,74.7,74,61,8.37,broken clouds
580,Vestmannaeyjar,IS,63.4427,-20.2734,53.47,96,100,8.68,overcast clouds
581,Luena,AO,-11.7833,19.9167,52.77,46,69,4.23,broken clouds
582,Shangzhi,CN,45.2167,127.9667,82.53,60,4,11.25,clear sky
583,Codajas,BR,-3.8367,-62.0569,75.83,70,48,2.33,scattered clouds
584,Sankt Wendel,DE,49.4667,7.1667,55.85,53,46,6.11,scattered clouds
585,San Quintin,MX,30.4833,-115.95,70.92,87,13,14.5,few clouds
586,Dobele,LV,56.625,23.2786,68.23,84,63,7.54,broken clouds
587,Sao Joao Da Barra,BR,-21.6403,-41.0511,69.69,82,1,17.36,clear sky
588,Port Hedland,AU,-20.3167,118.5667,78.85,19,0,16.11,clear sky
589,Tobane,BW,-21.95,27.9,58.78,52,0,0.67,clear sky
590,Bubaque,GW,11.2833,-15.8333,79.29,82,100,11.79,overcast clouds
591,Westerly,US,41.3776,-71.8273,78.66,88,0,4.61,clear sky
592,Manggar,ID,-2.8833,108.2667,83.35,67,100,8.61,overcast clouds
593,Harlingen,US,26.1906,-97.6961,84.29,91,87,11.05,overcast clouds
594,Beringovskiy,RU,63.05,179.3167,52.84,75,81,11.45,broken clouds
595,Iquique,CL,-20.2208,-70.1431,59.04,84,90,0.67,overcast clouds
596,Barsovo,RU,61.1667,73.1667,69.93,69,100,7.05,overcast clouds
597,Kurilsk,RU,45.2333,147.8833,60.22,64,35,3.56,scattered clouds
598,College,US,64.8569,-147.8028,56.07,80,75,8.05,broken clouds
599,Kalianget,ID,-7.05,113.9333,83.46,60,76,2.73,broken clouds
600,Banda Aceh,ID,5.5577,95.3222,85.53,62,99,11.36,moderate rain
601,Umba,RU,66.6871,34.3429,59.5,91,100,9.26,overcast clouds
602,Bugene,TZ,-1.5911,31.1403,61.41,66,88,1.92,overcast clouds
603,Anadyr,RU,64.75,177.4833,63.1,45,40,11.18,scattered clouds
604,Dongsheng,CN,39.8161,109.9776,87.57,41,80,13.87,broken clouds
605,Kunming,CN,25.0389,102.7183,69.73,78,40,6.71,scattered clouds
606,Otradnoye,RU,59.7775,30.8181,71.96,75,77,6.89,broken clouds
607,Meadow Lake,US,34.8014,-106.5436,79.36,55,100,3.51,overcast clouds
608,Yatou,CN,37.15,122.3833,91.53,63,39,6.87,scattered clouds
609,Katobu,ID,-4.9408,122.5276,86.74,53,67,4.36,broken clouds
610,Visby,SE,57.6409,18.296,59.22,77,75,18.41,broken clouds
611,Wattegama,LK,6.7989,81.4808,85.64,51,100,9.33,overcast clouds
612,Arlit,NE,18.7369,7.3853,88.02,39,52,3.62,broken clouds
613,Mumbwa,ZM,-14.9783,27.0619,56.08,48,0,3.94,clear sky
614,Yerofey Pavlovich,RU,53.9667,121.9667,68.79,42,100,10.67,overcast clouds
615,Tigzirt,DZ,36.8886,4.1198,76.91,64,0,6.42,clear sky
616,Muros,ES,42.7762,-9.0603,69.1,76,73,8.66,broken clouds
617,Peniche,PT,39.3558,-9.3811,66.11,93,53,6.02,broken clouds
618,Mandiana,GN,10.6333,-8.6833,72.64,91,99,6.38,light rain
619,Beloha,MG,-25.1667,45.05,65.19,79,89,6.55,overcast clouds
620,Nalut,LY,30.3333,10.85,77.67,47,0,9.78,clear sky
621,Rawson,AR,-43.3002,-65.1023,39.4,81,12,12.24,few clouds
622,Puerto Ayacucho,VE,5.6639,-67.6236,74.64,96,100,2.62,overcast clouds
623,Harbour Breton,CA,47.4833,-55.7983,64.17,99,100,6.76,overcast clouds
624,Lexington,US,37.9887,-84.4777,75.2,87,100,6.91,overcast clouds
625,Qidong,CN,31.8128,121.6561,92.91,60,50,2.26,scattered clouds
626,Batagay-Alyta,RU,67.8006,130.4114,46.11,89,100,4.94,moderate rain
627,Moron,AR,-34.6534,-58.6198,55.15,81,0,4.21,clear sky
628,Cervo,ES,43.6702,-7.4101,66.56,80,100,18.14,overcast clouds
629,San Pedro,PH,14.35,121.0167,83.43,78,75,10.36,broken clouds
630,Mfou,CM,3.7159,11.6427,67.3,98,100,3.27,overcast clouds
631,Chateaubelair,VC,13.2833,-61.25,78.96,81,21,13.09,few clouds
632,Kalashnikovo,RU,57.2824,35.2262,67.26,72,33,3.49,scattered clouds
633,Agadez,NE,19.75,10.25,89.01,18,23,7.96,few clouds
634,Moreira Sales,BR,-24.0622,-53.0069,58.05,70,35,3.31,scattered clouds
635,San Carlos Del Zulia,VE,9.0,-71.9135,75.42,93,100,3.89,overcast clouds
636,Isabela,PH,6.7085,121.9711,87.85,64,77,3.56,broken clouds
637,Tessalit,ML,20.1986,1.0114,88.59,38,46,7.63,scattered clouds
638,Alamogordo,US,32.8995,-105.9603,87.15,48,20,4.61,few clouds
639,Pokhara,NP,28.2333,83.9833,79.39,77,100,1.7,overcast clouds
640,Heishan,CN,41.6892,122.1128,88.79,62,98,4.61,overcast clouds
641,Naron,ES,43.5167,-8.1528,67.05,78,65,15.39,broken clouds
642,Staryy Nadym,RU,65.6118,72.6842,65.41,64,88,7.67,overcast clouds
643,Bandundu,CD,-3.3167,17.3667,78.13,60,20,7.43,few clouds
644,Fort Smith,US,35.3859,-94.3986,87.84,70,100,5.75,overcast clouds
645,Mehamn,NO,71.0357,27.8492,53.55,76,62,6.91,broken clouds
646,Scarborough,GB,54.2797,-0.4044,49.91,84,55,1.99,broken clouds
647,Aranos,NA,-24.1333,19.1167,54.32,28,14,10.36,few clouds
648,Kamina,CD,-8.7386,24.9906,58.98,47,37,4.63,scattered clouds
649,Jishou,CN,28.3167,109.7167,89.82,61,23,5.64,few clouds
650,Puteyets,RU,65.1716,57.091,71.4,64,71,4.63,broken clouds
651,Jaru,BR,-10.4389,-62.4664,78.64,58,100,3.89,overcast clouds
652,Abu Dhabi,AE,24.4667,54.3667,95.11,67,2,5.75,clear sky
653,Mafinga,TZ,-7.25,35.0667,58.08,66,78,3.89,broken clouds
654,Kapoeta,SS,4.7717,33.5903,75.24,56,82,7.87,broken clouds
655,Shirokiy,RU,49.758,129.523,75.22,67,79,11.23,broken clouds
656,Byron Bay,AU,-28.65,153.6167,72.95,52,82,6.42,broken clouds
657,Quang Ngai,VN,15.1167,108.8,89.49,58,97,4.65,overcast clouds
658,Radchenko,RU,56.6803,36.3718,68.79,69,7,4.18,clear sky
659,Vila Franca Do Campo,PT,37.7167,-25.4333,70.21,91,100,7.09,light rain
660,Rabo De Peixe,PT,37.8,-25.5833,69.31,100,75,3.44,light intensity shower rain
661,Aksha,RU,50.2814,113.2867,69.8,39,94,9.91,overcast clouds
662,Banjar,ID,-8.19,114.9675,88.61,48,55,1.79,broken clouds
663,Moussoro,TD,13.6408,16.4901,77.95,77,100,10.85,light rain
664,Filadelfia,US,39.9523,-75.1638,80.02,81,40,5.75,scattered clouds
